kernel,C,epsilon,gamma,best_cv_r2,test_r2,test_mae,test_rmse
rbf,2.57660106125462,0.017739128270724026,auto,0.6612515136117001,0.6969690583608482,0.6402782988542275,0.8432253476346457
